Market_code,Symbol,Company_name,industry1,industry2
HOSE,AAA,アンファット・プラスチック・グリーン環境,製造業,プラスチック製品
HOSE,AAM,メコン水産,農林水産業,水産業
HOSE,ABT,ベンチェ水産,農林水産業,水産業
HOSE,ACC,ベカメックス・コンクリート,製造業,セメント・コンクリート
HOSE,ACL,クーロンフィッシュ,農林水産業,水産業
HOSE,ADS,ダムサン,製造業,繊維・縫製製品
HOSE,AGF,アンザン水産商事,農林水産業,水産業
HOSE,AGM,アンザン輸出入,商業,卸売業
HOSE,AGR,アグリバンク証券,金融業,証券業
HOSE,AMD,AMDグループ鉱産投資,商業,卸売業
HOSE,ANV,ナムベト水産,農林水産業,水産業
HOSE,APC,アンフー食品照射,サービス業,その他サービス
HOSE,APG,アンファット証券,金融業,証券業
HOSE,ASM,サオマイグループ,不動産業,不動産業
HOSE,ASP,アンファ石油グループ,商業,燃料販売
HOSE,AST,タセコエアーズ,商業,その他小売業
HOSE,ATG,アンチュオンアン,鉱業,その他鉱業
HOSE,BBC,ビエンホア製菓,製造業,食品・飲料
HOSE,BCE,ビンズオン交通建設,建設業,インフラ建設
HOSE,BCG,バンブーキャピタル,金融業,その他金融業
HOSE,BFC,ビンディエン肥料,製造業,肥料
HOSE,BHN,ハノイビール・アルコール飲料,製造業,食品・飲料
HOSE,BIC,ベトナム投資開発銀行保険,金融業,保険業
HOSE,BID,ベトナム投資開発銀行,金融業,銀行業
HOSE,BMC,ビンディン鉱産,鉱業,その他鉱業
HOSE,BMI,バオミン保険,金融業,保険業
HOSE,BMP,ビンミン・プラスチック,製造業,プラスチック製品
HOSE,BRC,ベンタインゴム,製造業,ゴム製品
HOSE,BSI,ベトナム投資開発銀行証券,金融業,証券業
HOSE,BTP,バリア火力発電,電気・ガス業,発電
HOSE,BTT,ベンタイン商業サービス,商業,その他小売業
HOSE,BVH,バオベトグループ,金融業,保険業
HOSE,BWE,ビンズオン上下水道環境,サービス業,上下水道
HOSE,C32,3-2建設投資,製造業,その他建設資材
HOSE,C47,第47建設,建設業,インフラ建設
HOSE,CAV,べトナム電線,製造業,電気・電子・通信機器
HOSE,CCI,クチ商工開発投資,不動産業,不動産業
HOSE,CCL,ペトロクウロン都市開発投資,不動産業,不動産業
HOSE,CDC,チュオンズオン建設,建設業,各種建築物建設
HOSE,CEE,CIIインフラ建設,建設業,インフラ建設
HOSE,CHP,中部水力発電,電気・ガス業,発電
HOSE,CIG,第18コマ,建設業,各種建築物建設
HOSE,CII,ホーチミン市インフラ投資,建設業,インフラ建設
HOSE,CLC,カットロイタバコ,製造業,タバコ
HOSE,CLG,コテックランド,不動産業,不動産業
HOSE,CLL,カットライ港,運輸・物流業,倉庫・運輸関連
HOSE,CLW,チョロン水道,サービス業,上下水道
HOSE,CMG,CMC技術グループ,情報通信業,情報通信サービス
HOSE,CMV,カマウ商業,商業,卸売業
HOSE,CMX,カマウ水産輸出入加工,農林水産業,水産業
HOSE,CNG,ベトナムCNG,電気・ガス業,ガス
HOSE,COM,資材・石油販売,商業,燃料販売
HOSE,CRC,クリエイト・キャピタルベトナム,商業,卸売業
HOSE,CRE,世紀不動産,不動産業,不動産業
HOSE,CSM,カスミナタイヤ,製造業,ゴム製品
HOSE,CSV,南部基礎化学品,製造業,化学
HOSE,CTD,コテコンズ建設,建設業,各種建築物建設
HOSE,CTF,シティーオート,商業,車両販売・修理
HOSE,CTG,ヴィエティンバンク,金融業,銀行業
HOSE,CTI,イディコ・クオントゥアン開発投資,建設業,インフラ建設
HOSE,CTS,ヴィエティンバンク証券,金融業,証券業
HOSE,CVT,CMC建設,製造業,タイル・煉瓦・瓦
HOSE,D2D,第2工業都市開発,不動産業,不動産業
HOSE,DAG,ドンアプラスチックグループ,製造業,プラスチック製品
HOSE,DAH,ドンアホテルグループ,サービス業,観光・宿泊・飲食
HOSE,DAT,観光投資水産開発,農林水産業,水産業
HOSE,DBD,ビンディン医薬品・医療設備,製造業,医薬品
HOSE,DCL,クーロン製薬,製造業,医薬品
HOSE,DCM,ペトロベトナム・カマウ肥料,製造業,肥料
HOSE,DGW,テーゾイソー,商業,卸売業
HOSE,DHA,ホアアン鉱業,鉱業,その他鉱業
HOSE,DHC,ベンチェー・ドンハイパルプ,製造業,パルプ・紙
HOSE,DHG,ハウザン製薬,製造業,医薬品
HOSE,DHM,ズオンヒエウ鉱産採掘商業,鉱業,その他鉱業
HOSE,DIC,DIC投資貿易,製造業,その他建設資材
HOSE,DIG,DIC不動産,不動産業,不動産業
HOSE,DLG,ドゥックロンザライグループ,製造業,木材加工
HOSE,DMC,ドメスコ医療輸出入,製造業,医薬品
HOSE,DPG,ダットフオン,建設業,インフラ建設
HOSE,DPM,ぺトロベトナム化学肥料,製造業,肥料
HOSE,DPR,ドンフーゴム,農林水産業,天然ゴム
HOSE,DQC,ディエンクアン電気機器,製造業,電気・電子・通信機器
HOSE,DRC,ダナンゴムタイヤ,製造業,ゴム製品
HOSE,DRH,ドリームハウス投資,不動産業,不動産業
HOSE,DRL,第3電力・水力発電,電気・ガス業,発電
HOSE,DSN,ダムセン・ウォーターパーク,サービス業,観光・宿泊・飲食
HOSE,DTA,デタム,不動産業,不動産業
HOSE,DTL,ダイティエン鉄鋼,製造業,鉄鋼
HOSE,DTT,ドタインプラスチック,製造業,プラスチック製品
HOSE,DVP,ディンブ港湾投資開発,運輸・物流業,倉庫・運輸関連
HOSE,DXG,ダットサイン建設不動産サービス,不動産業,不動産業
HOSE,DXV,ダナンビセム建設資材,商業,卸売業
HOSE,E1VFVN30,VFMVN30 ETF,金融業,投資ファンド
HOSE,EIB,エクシムバンク,金融業,銀行業
HOSE,ELC,通信電子技術開発投資,情報通信業,情報通信サービス
HOSE,EMC,トゥドゥック電気機械,製造業,電気・電子・通信機器
HOSE,EVE,ベトナム・エバーピア,製造業,繊維・縫製製品
HOSE,EVG,エバーランド投資,商業,卸売業
HOSE,FCM,FECON鉱産,鉱業,その他鉱業
HOSE,FCN,フェコン,建設業,その他建設
HOSE,FDC,ホーチミン市投資開発貿易,不動産業,不動産業
HOSE,FIR,ファーストリアル不動産,不動産業,不動産業
HOSE,FIT,FITグループ,金融業,その他金融業
HOSE,FLC,FLCグループ,不動産業,不動産業
HOSE,FMC,サオタ食品,農林水産業,水産業
HOSE,FPT,FPT情報通信,情報通信業,情報通信サービス
HOSE,FRT,FPTリテール,商業,その他小売業
HOSE,FTM,ドゥッククアン開発投資,製造業,繊維・縫製製品
HOSE,FTS,FPT証券,金融業,証券業
HOSE,FUCTVGF1,TVAMグロースファンド,金融業,投資ファンド
HOSE,FUCTVGF2,ティエンベト2グロースファンド,金融業,投資ファンド
HOSE,FUCVREIT,テクコムベトナムREITファンド,金融業,投資ファンド
HOSE,FUESSV50,SSIAM VNX50 ETF,金融業,投資ファンド
HOSE,GAB,GAB,製造業,タイル・煉瓦・瓦
HOSE,GAS,ペトロベトナムガス,電気・ガス業,ガス
HOSE,GDT,ドゥックタイン木材加工,製造業,木材加工
HOSE,GEX,ベトナム電気設備,製造業,電気・電子・通信機器
HOSE,GIL,ビンタイン商事,製造業,繊維・縫製製品
HOSE,GMC,サイゴン縫製貿易,製造業,繊維・縫製製品
HOSE,GMD,ジェマディプト港湾海運,運輸・物流業,倉庫・運輸関連
HOSE,GSP,国際石油ガス製品運輸,運輸・物流業,海運
HOSE,GTA,トゥアン・アン木材加工,製造業,木材加工
HOSE,GTN,GTNフーズ,製造業,食品・飲料
HOSE,HAG,ホアン・アイン・ザライ,農林水産業,農林業
HOSE,HAH,ハイアン運輸荷役,運輸・物流業,倉庫・運輸関連
HOSE,HAI,HAI農薬,製造業,化学
HOSE,HAP,ハパコ製紙グループ,製造業,パルプ・紙
HOSE,HAR,アンズオンタオディエン不動産商業投資,不動産業,不動産業
HOSE,HAS,ハシスコ,建設業,インフラ建設
HOSE,HAX,ハンサイン自動車サービス,商業,車両販売・修理
HOSE,HBC,ホアビン建設グループ,建設業,各種建築物建設
HOSE,HCD,HCD投資生産貿易,製造業,プラスチック製品
HOSE,HCM,ホーチミン市証券,金融業,証券業
HOSE,HDB,HDバンク,金融業,銀行業
HOSE,HDC,バリア・ブンタウ住宅開発,不動産業,不動産業
HOSE,HDG,ハド不動産グループ,不動産業,不動産業
HOSE,HHS,ホアンフイサービス投資,商業,車両販売・修理
HOSE,HID,ハロン投資コンサルティング,サービス業,建築設計
HOSE,HII,アンファット・イエンバイ鉱物・プラスチック,製造業,プラスチック製品
HOSE,HLG,ホアンロングループ,製造業,タバコ
HOSE,HMC,ホーチミン市金属,製造業,鉄鋼
HOSE,HNG,ホアン・アイン・ザライ国際農業,農林水産業,農林業
HOSE,HOT,ホイアン旅行サービス,サービス業,観光・宿泊・飲食
HOSE,HPG,ホアファット鉄鋼グループ,製造業,鉄鋼
HOSE,HPX,ハイファット投資,不動産業,不動産業
HOSE,HQC,ホアンクアン不動産商業コンサルティング,不動産業,不動産業
HOSE,HRC,ホアビンゴム,農林水産業,天然ゴム
HOSE,HSG,ホアセン鉄鋼グループ,製造業,鉄鋼
HOSE,HSL,ホンハ・ソンラ農産物加工,農林水産業,農林業
HOSE,HT1,ハティエンセメント工業,製造業,セメント・コンクリート
HOSE,HTI,イディコ開発投資,建設業,インフラ建設
HOSE,HTL,チュオンロン自動車・技術,商業,車両販売・修理
HOSE,HTN,フンティン・アイコンズ,不動産業,不動産業
HOSE,HTT,ハタイ貿易,不動産業,不動産業
HOSE,HTV,ハーティン運輸,運輸・物流業,海運
HOSE,HU1,第1HUD建設投資,建設業,各種建築物建設
HOSE,HU3,HUD第3建設投資,建設業,各種建築物建設
HOSE,HUB,トゥアティエンフエ建設,建設業,インフラ建設
HOSE,HVG,フンブオン水産,農林水産業,水産業
HOSE,HVH,HVCテクノロジー投資,建設業,その他建設
HOSE,HVN,ベトナム航空,運輸・物流業,空運
HOSE,HVX,ハイバンビセム・セメント,製造業,セメント・コンクリート
HOSE,IBC,エーパックス投資ホールディングス,サービス業,教育・医療
HOSE,IDI,国際投資開発,農林水産業,水産業
HOSE,IJC,技術インフラ開発,不動産業,不動産業
HOSE,ILB,タンカン・ロンビンICD,運輸・物流業,倉庫・運輸関連
HOSE,IMP,イメックスファーム医薬品,製造業,医薬品
HOSE,ITA,タンタオ不動産,不動産業,不動産業
HOSE,ITC,イントレスコ不動産,不動産業,不動産業
HOSE,ITD,ティエンフォン技術,情報通信業,情報通信サービス
HOSE,JVC,日越医療機器,商業,卸売業
HOSE,KAC,カンアン不動産投資,不動産業,不動産業
HOSE,KBC,キンバックシティーグループ,不動産業,不動産業
HOSE,KDC,キドグループ,製造業,食品・飲料
HOSE,KDH,カンディエン不動産,不動産業,不動産業
HOSE,KHP,カインホア電力,電気・ガス業,その他電力業
HOSE,KMR,ミラエ,製造業,繊維・縫製製品
HOSE,KPF,ホアンミン財政投資,サービス業,建築設計
HOSE,KSB,ビンズオン建設鉱産,鉱業,その他鉱業
HOSE,KSH,ハナム鉱産,鉱業,その他鉱業
HOSE,L10,リラマ10機械,製造業,機械
HOSE,LAF,ロンアン食品加工商事,製造業,食品・飲料
HOSE,LBM,ラムドン鉱産建設資材,製造業,その他建設資材
HOSE,LCG,第16リコジ建設,建設業,インフラ建設
HOSE,LCM,ラオカイ鉱産採掘加工,鉱業,その他鉱業
HOSE,LDG,LDG投資,不動産業,不動産業
HOSE,LEC,中部電力不動産,不動産業,不動産業
HOSE,LGC,CII道路橋梁投資,建設業,インフラ建設
HOSE,LGL,ロンザン都市開発投資,不動産業,不動産業
HOSE,LHG,ロンハウ工業団地,不動産業,不動産業
HOSE,LIX,LIX洗剤,製造業,化学
HOSE,LM8,リラマ18機械,製造業,機械
HOSE,LMH,ランドマークホールディング,商業,卸売業
HOSE,LSS,ラムソン製糖,製造業,食品・飲料
HOSE,MBB,軍隊銀行,金融業,銀行業
HOSE,MCG,ベトナムM&E建設,建設業,その他建設
HOSE,MCP,ミィチャウ包装印刷,製造業,包装
HOSE,MDG,ミエンドン,建設業,インフラ建設
HOSE,MHC,MHC,運輸・物流業,海運
HOSE,MSH,ソンホン縫製,製造業,繊維・縫製製品
HOSE,MSN,マサングループ,製造業,食品・飲料
HOSE,MWG,テーゾイジードン投資,商業,その他小売業
HOSE,NAF,NAフーズグループ,製造業,食品・飲料
HOSE,NAV,ナムベト建設資材,製造業,木材加工
HOSE,NBB,577不動産,不動産業,不動産業
HOSE,NCT,ノイバイ貨物サービス,運輸・物流業,倉庫・運輸関連
HOSE,NKG,ナムキム鉄鋼,製造業,鉄鋼
HOSE,NLG,ナムロン投資,不動産業,不動産業
HOSE,NNC,ヌイニョー石材,鉱業,その他鉱業
HOSE,NSC,中央種苗,農林水産業,農林業
HOSE,NT2,ペトロベトナム・第2ニョンチャック電力,電気・ガス業,発電
HOSE,NTL,トゥリエム都市開発,不動産業,不動産業
HOSE,NVL,ノバランド不動産投資グループ,不動産業,不動産業
HOSE,NVT,ニンバンベイ不動産,サービス業,観光・宿泊・飲食
HOSE,OGC,オーシャンインベストメントグループ,不動産業,不動産業
HOSE,OPC,OPC製薬,製造業,医薬品
HOSE,PAC,サザンバッテリー,製造業,電気・電子・通信機器
HOSE,PAN,パングループ,製造業,食品・飲料
HOSE,PC1,第1送電線建設,建設業,インフラ建設
HOSE,PDN,ドンナイポート,運輸・物流業,倉庫・運輸関連
HOSE,PDR,ファットダット不動産開発,不動産業,不動産業
HOSE,PET,ペトロベトナム総合サービス,商業,卸売業
HOSE,PGC,ペトロリメックスガス,電気・ガス業,ガス
HOSE,PGD,ペトロベトナム低圧ガス販売,電気・ガス業,ガス
HOSE,PGI,ペトロリメックス保険,金融業,保険業
HOSE,PHC,フックフン建設,建設業,各種建築物建設
HOSE,PHR,フオックホアゴム,農林水産業,天然ゴム
HOSE,PIT,ペトロリメックス通商,商業,卸売業
HOSE,PJT,ペトロリメックス・タンカー,運輸・物流業,海運
HOSE,PLP,ファレ・プラスチック製造技術,製造業,プラスチック製品
HOSE,PLX,ペトロリメックス,商業,燃料販売
HOSE,PME,ピメファーコ,製造業,医薬品
HOSE,PMG,中部ペトロ生産投資,電気・ガス業,ガス
HOSE,PNC,フオンナム総合出版,商業,その他小売業
HOSE,PNJ,フーニュアン・ジュエリー,製造業,その他製品
HOSE,POM,ポミナ鉄鋼,製造業,鉄鋼
HOSE,POW,PVパワー,電気・ガス業,発電
HOSE,PPC,ファーライ火力発電,電気・ガス業,発電
HOSE,PTB,フータイ,製造業,木材加工
HOSE,PTC,郵電建設投資,建設業,インフラ建設
HOSE,PTL,PVCペトロランド,不動産業,不動産業
HOSE,PVD,ペトロベトナム・ドリリング,鉱業,その他鉱業
HOSE,PVT,ペトロベトナム運輸,運輸・物流業,海運
HOSE,PXI,ペトロベトナム工業・住宅建設,建設業,各種建築物建設
HOSE,PXS,ペトロベトナム機械組立・鉄鋼構造物,製造業,機械
HOSE,PXT,ペトロベトナムパイプライン・タンク建設,建設業,インフラ建設
HOSE,QBS,クアンビン輸出入,商業,卸売業
HOSE,QCG,クオッククオン・ザライ,不動産業,不動産業
HOSE,RAL,ランドン電球・魔法瓶,製造業,電気・電子・通信機器
HOSE,RDP,ランドンプラスチック,製造業,プラスチック製品
HOSE,REE,リー冷蔵電気工業,建設業,その他建設
HOSE,RIC,ロイヤル・インターナショナルカジノ,サービス業,観光・宿泊・飲食
HOSE,ROS,FLCファロス建設,建設業,各種建築物建設
HOSE,S4A,セサン4A水力発電所,電気・ガス業,発電
HOSE,SAB,サイゴンビール・アルコール飲料,製造業,食品・飲料
HOSE,SAM,サコム開発投資,製造業,電気・電子・通信機器
HOSE,SAV,サビメックス商事,製造業,木材加工
HOSE,SBA,ソンバ水力発電,電気・ガス業,発電
HOSE,SBT,タインタインコン・ビエンホア製糖,製造業,食品・飲料
HOSE,SBV,サイアムブラザーズベトナム,製造業,その他製品
HOSE,SC5,第5建設,建設業,各種建築物建設
HOSE,SCD,チュオンズオン飲料,製造業,食品・飲料
HOSE,SCR,サコムリアル不動産,不動産業,不動産業
HOSE,SCS,サイゴン貨物サービス,運輸・物流業,倉庫・運輸関連
HOSE,SFC,サイゴン燃料販売,商業,燃料販売
HOSE,SFG,南部肥料,製造業,肥料
HOSE,SFI,サフィ運輸代理,運輸・物流業,倉庫・運輸関連
HOSE,SGN,サイゴングランドサービス,運輸・物流業,倉庫・運輸関連
HOSE,SGR,サイゴン不動産,不動産業,不動産業
HOSE,SGT,サイゴン通信技術,情報通信業,情報通信サービス
HOSE,SHA,ソンハ・サイゴン,製造業,金属製品
HOSE,SHI,ソンハ・インターナショナルステンレス,製造業,鉄鋼
HOSE,SHP,南部水力発電,電気・ガス業,発電
HOSE,SII,サイゴン水インフラ,サービス業,上下水道
HOSE,SJD,カンドン水力発電,電気・ガス業,発電
HOSE,SJF,サンスター投資,農林水産業,農林業
HOSE,SJS,ソンダ都市投資開発,不動産業,不動産業
HOSE,SKG,スーパードン・キエンザン高速船,運輸・物流業,海運
HOSE,SMA,サイゴン部品設備,商業,卸売業
HOSE,SMB,サイゴンビール中部,製造業,食品・飲料
HOSE,SMC,SMC投資貿易,製造業,鉄鋼
HOSE,SPM,S.P.M製薬,製造業,医薬品
HOSE,SRC,サオバンゴムタイヤ,製造業,ゴム製品
HOSE,SRF,冷蔵技術,建設業,その他建設
HOSE,SSC,南部種苗,農林水産業,農林業
HOSE,SSI,SSI証券,金融業,証券業
HOSE,ST8,シィウタインコピー販売,商業,その他小売業
HOSE,STB,サコムバンク,金融業,銀行業
HOSE,STG,南部運輸倉庫,運輸・物流業,倉庫・運輸関連
HOSE,STK,センチュリー合成繊維,製造業,繊維・縫製製品
HOSE,SVC,サイゴン総合サービス,商業,車両販売・修理
HOSE,SVI,ビエンホア包装,製造業,包装
HOSE,SVT,サイゴン・ビエンドン技術,サービス業,教育・医療
HOSE,SZC,ソナデジ・チャウドゥック・ホールディングス,不動産業,不動産業
HOSE,SZL,ソナデジ・ロンタイン,不動産業,不動産業
HOSE,TAC,トゥオンアン植物油,製造業,食品・飲料
HOSE,TBC,タックバー水力発電,電気・ガス業,発電
HOSE,TCB,テクコムバンク,金融業,銀行業
HOSE,TCD,運輸工業開発投資,商業,卸売業
HOSE,TCH,ホアンフイ投資金融サービス,商業,車両販売・修理
HOSE,TCL,タンカン倉庫・運輸,運輸・物流業,倉庫・運輸関連
HOSE,TCM,タインコン縫製商業投資,製造業,繊維・縫製製品
HOSE,TCO,ズエンハイ輸送,運輸・物流業,陸運
HOSE,TCR,タイセラ・タイル,製造業,タイル・煉瓦・瓦
HOSE,TCT,バー山・タイニンロープウェイ,サービス業,観光・宿泊・飲食
HOSE,TDC,ビンズオン建設資材開発販売,不動産業,不動産業
HOSE,TDG,タイズオン石油,電気・ガス業,ガス
HOSE,TDH,トゥドゥック住宅開発,不動産業,不動産業
HOSE,TDM,トゥーザウモット給水,サービス業,その他サービス
HOSE,TDW,トゥドゥック給水,サービス業,上下水道
HOSE,TEG,チュオンタイン不動産建設,不動産業,不動産業
HOSE,TGG,チュオンザン建設投資,建設業,各種建築物建設
HOSE,THG,ティエンザン建設投資,建設業,各種建築物建設
HOSE,THI,電気設備,製造業,電気・電子・通信機器
HOSE,TIE,TIE電気機器,製造業,電気・電子・通信機器
HOSE,TIP,ティンギア工業団地開発,不動産業,不動産業
HOSE,TIX,タンビン商事,不動産業,不動産業
HOSE,TLD,タンロン都市開発・建設投資,製造業,その他建設資材
HOSE,TLG,ティエンロン文房具グループ,製造業,その他製品
HOSE,TLH,ティエンレン鉄鋼グループ,製造業,鉄鋼
HOSE,TMP,タックモ水力発電,電気・ガス業,発電
HOSE,TMS,トランシメックス,運輸・物流業,倉庫・運輸関連
HOSE,TMT,TMT自動車,製造業,輸送機械
HOSE,TN1,TNSホールディングス,不動産業,不動産業
HOSE,TNA,ティエンナム商事,商業,卸売業
HOSE,TNC,トンニャットゴム,農林水産業,天然ゴム
HOSE,TNI,タインナムグループ,商業,卸売業
HOSE,TNT,タイグエン鉱業,鉱業,その他鉱業
HOSE,TPB,TPバンク,金融業,銀行業
HOSE,TPC,タンダイフン・プラスチック,製造業,プラスチック製品
HOSE,TRA,チャファコ製薬,製造業,医薬品
HOSE,TRC,タイニンゴム,農林水産業,天然ゴム
HOSE,TS4,第4水産,農林水産業,水産業
HOSE,TSC,カントー農業技術資材,商業,卸売業
HOSE,TTB,ティエンボグループ,商業,卸売業
HOSE,TTE,チュオンティンエネルギー投資,電気・ガス業,発電
HOSE,TTF,チュオンタイン木材加工,製造業,木材加工
HOSE,TV2,第2電力建設コンサルティング,サービス業,建築設計
HOSE,TVB,チーベト証券,金融業,証券業
HOSE,TVS,ティエンベト証券,金融業,証券業
HOSE,TVT,ベトタン,製造業,繊維・縫製製品
HOSE,TYA,タヤ電線,製造業,電気・電子・通信機器
HOSE,UDC,バリア・ブンタウ都市開発建設,建設業,各種建築物建設
HOSE,UIC,イディコ都市住宅開発投資,不動産業,不動産業
HOSE,VAF,バンディエン焼成リン肥,製造業,肥料
HOSE,VCB,ベトコムバンク,金融業,銀行業
HOSE,VCF,ビナカフェ・ビエンホア,製造業,食品・飲料
HOSE,VCI,バンベト証券,金融業,証券業
HOSE,VDP,中央薬品,製造業,医薬品
HOSE,VDS,ロンベト証券,金融業,証券業
HOSE,VFG,ベトナム駆除剤,製造業,化学
HOSE,VGC＊,ビグラセラ,製造業,タイル・煉瓦・瓦
HOSE,VHC,ビンホアン水産,農林水産業,水産業
HOSE,VHM,ビンホームズ,不動産業,不動産業
HOSE,VIC,ビングループ,不動産業,不動産業
HOSE,VID,ビエンドン商業開発投資,製造業,パルプ・紙
HOSE,VIP,ベトナム石油運輸,運輸・物流業,海運
HOSE,VIS,ベトイ鉄鋼,製造業,鉄鋼
HOSE,VJC,ベトジェットエア,運輸・物流業,空運
HOSE,VMD,ビメディメックス医薬品,製造業,医薬品
HOSE,VND,VNダイレクト証券,金融業,証券業
HOSE,VNE,ベトナム電気建設,建設業,インフラ建設
HOSE,VNG,タインタインコン・ホスピタリティ,サービス業,観光・宿泊・飲食
HOSE,VNL,ビナリンクロジスティクス,運輸・物流業,倉庫・運輸関連
HOSE,VNM,ビナミルク,製造業,食品・飲料
HOSE,VNS,ビナサンタクシー,運輸・物流業,陸運
HOSE,VOS,ベトナム海運,運輸・物流業,海運
HOSE,VPB,VPバンク,金融業,銀行業
HOSE,VPD,ベトナム電力開発,電気・ガス業,発電
HOSE,VPG,ベトファット輸出入投資商業,商業,卸売業
HOSE,VPH,バンファットフン不動産,不動産業,不動産業
HOSE,VPI,バンフー投資,不動産業,不動産業
HOSE,VPK,植物油容器,製造業,包装
HOSE,VPS,ベトナム殺虫剤,製造業,化学
HOSE,VRC,VRC不動産投資,不動産業,不動産業
HOSE,VRE,ビンコムリテール,不動産業,不動産業
HOSE,VSC,ベトナムコンテナグループ,運輸・物流業,倉庫・運輸関連
HOSE,VSH,ヴィンソン・ソンヒン水力発電,電気・ガス業,発電
HOSE,VSI,給排水建設投資,サービス業,上下水道
HOSE,VTB,タンビン・ベトロニクス,製造業,電気・電子・通信機器
HOSE,VTO,ビタコ・タンカー,運輸・物流業,海運
HOSE,YBM,イエンバイ工業鉱物,製造業,その他製品
HOSE,YEG,イエーワン,情報通信業,映像・音声・文字情報
HNX,AAV,ベトティエンソン不動産,商業,卸売業
HNX,ACB,アジアコマーシャル銀行,金融業,銀行業
HNX,ACM,アークオン鉱産グループ,鉱業,その他鉱業
HNX,ADC,美術通信,情報通信業,映像・音声・文字情報
HNX,ALT,タンビン総合文化サービス,情報通信業,映像・音声・文字情報
HNX,AMC,アジア鉱産,鉱業,その他鉱業
HNX,AME,アルファナム電機,建設業,その他建設
HNX,AMV,ベトミー医療設備・製薬,製造業,その他製品
HNX,API,アジア太平洋投資,金融業,証券業
HNX,APP,石油関連製品・添加物開発,製造業,石油・石炭製品
HNX,APS,APEC証券,金融業,証券業
HNX,ARM,エアリメックス,商業,卸売業
HNX,ART,アルテックス証券,金融業,証券業
HNX,ATS,ATESCOケータリング,サービス業,観光・宿泊・飲食
HNX,BAX,トンニャット株,不動産業,不動産業
HNX,BBS,ブッソン・ビセム包装,製造業,包装
HNX,BCC,ビムソンセメント,製造業,セメント・コンクリート
HNX,BDB,ビンディン図書教育設備,情報通信業,映像・音声・文字情報
HNX,BED,ダナン図書教育設備,情報通信業,映像・音声・文字情報
HNX,BII,バオトゥ工業投資開発,不動産業,不動産業
HNX,BKC,バックカン鉱産,鉱業,その他鉱業
HNX,BLF,バックリィウ水産,農林水産業,水産業
HNX,BPC,ビムソンビセム包装,製造業,包装
HNX,BSC,ベンタインサービス,運輸・物流業,倉庫・運輸関連
HNX,BST,ビントゥアン図書設備,情報通信業,映像・音声・文字情報
HNX,BTS,ビセム・ブッソンセメント,製造業,セメント・コンクリート
HNX,BTW,ベンタイン水道,サービス業,上下水道
HNX,BVS,バオベト証券,金融業,証券業
HNX,BXH,ハイフォンビセム包装,製造業,包装
HNX,C69,1369建設,建設業,各種建築物建設
HNX,C92,492建設投資,建設業,インフラ建設
HNX,CAG,アンザン港,運輸・物流業,倉庫・運輸関連
HNX,CAN,ハロン缶詰食品,製造業,食品・飲料
HNX,CAP,イエンバイ農林産食品,製造業,パルプ・紙
HNX,CDN,ダナン港,運輸・物流業,倉庫・運輸関連
HNX,CEO,CEOグループ,不動産業,不動産業
HNX,CET,テック・ビナ,製造業,その他製品
HNX,CIA,カムラン国際空港サービス,商業,その他小売業
HNX,CJC,中部電機,製造業,電気・電子・通信機器
HNX,CKV,コキビナ,商業,卸売業
HNX,CLH,ラーヒエンセメント,製造業,セメント・コンクリート
HNX,CLM,ビナコミン石炭輸出入,鉱業,石炭
HNX,CMC,CMC投資,製造業,輸送機械
HNX,CMS,ベトナム人力建設,サービス業,法律・会計・人事
HNX,CPC,カントー殺虫剤,製造業,化学
HNX,CSC,タインナム建設投資,建設業,各種建築物建設
HNX,CT6,第6工事,建設業,インフラ建設
HNX,CTA,ビナビコ,鉱業,その他鉱業
HNX,CTB,ハイズオンポンプ製造,製造業,機械
HNX,CTC,CTCザライ,情報通信業,映像・音声・文字情報
HNX,CTP,トゥオンフー,農林水産業,農林業
HNX,CTT,ビナコミン機械製造,製造業,機械
HNX,CTX,ベトナム貿易建設投資,建設業,各種建築物建設
HNX,CVN,ビナム,鉱業,その他鉱業
HNX,CX8,第8コンストレクシム投資建設,建設業,各種建築物建設
HNX,D11,11不動産,不動産業,不動産業
HNX,DAD,ダナン教育開発投資,情報通信業,映像・音声・文字情報
HNX,DAE,ダナン市教育図書,情報通信業,映像・音声・文字情報
HNX,DBC,ダバコグループ,製造業,食品・飲料
HNX,DBT,ベンチェー製薬,製造業,医薬品
HNX,DC2,第2建設開発投資,建設業,各種建築物建設
HNX,DC4,第4DIC建設,建設業,各種建築物建設
HNX,DDG,インドシナ輸出入工業投資,商業,燃料販売
HNX,DGC,ドゥックザン洗濯用洗剤化学品,製造業,化学
HNX,DHP,ハイフォン電機,製造業,電気・電子・通信機器
HNX,DHT,ハタイ製薬,製造業,医薬品
HNX,DID,DICドンティエン建設資材,製造業,その他建設資材
HNX,DIH,ホイアン建設開発投資,建設業,各種建築物建設
HNX,DL1,ドゥックロン・ザライ公共施設サービス,運輸・物流業,倉庫・運輸関連
HNX,DNC,ハイフォン電力水道機械組立,製造業,機械
HNX,DNM,ダナメコ医療,製造業,医薬品
HNX,DNP,ドンナイプラスチック,製造業,プラスチック製品
HNX,DNY,ダナイ鉄鋼,製造業,鉄鋼
HNX,DP3,第3中央製薬,製造業,医薬品
HNX,DPC,ダナンプラスチック,製造業,プラスチック製品
HNX,DPS,ソクソン投資開発,商業,卸売業
HNX,DS3,第3水路管理,運輸・物流業,倉庫・運輸関連
HNX,DST,ナムディン図書教育設備,情報通信業,映像・音声・文字情報
HNX,DTD,タインダット投資開発,建設業,インフラ建設
HNX,DXP,ドアンサ倉庫・運輸,運輸・物流業,倉庫・運輸関連
HNX,DZM,ジアン機械製造,製造業,機械
HNX,EBS,ハノイ市教育図書,情報通信業,映像・音声・文字情報
HNX,ECI,教育地図絵画,情報通信業,映像・音声・文字情報
HNX,EID,ハノイ教育開発投資,情報通信業,映像・音声・文字情報
HNX,EVS,エベレスト証券,金融業,証券業
HNX,FDT,フィディツアー,サービス業,観光・宿泊・飲食
HNX,FID,ベトナム企業投資開発,不動産業,不動産業
HNX,GDW,ザーディン給水,サービス業,その他サービス
HNX,GKM,カンミン煉瓦,製造業,タイル・煉瓦・瓦
HNX,GLT,グローバル電力技術,製造業,電気・電子・通信機器
HNX,GMX,ミスアン建設陶器・瓦,製造業,タイル・煉瓦・瓦
HNX,HAD,ハノイ・ハイズオンビール,製造業,食品・飲料
HNX,HAT,ハノイビール商業,商業,卸売業
HNX,HBE,ハーティン図書学校設備,情報通信業,映像・音声・文字情報
HNX,HBS,ホアビン証券,金融業,証券業
HNX,HCC,ホアカムコンクリート,製造業,セメント・コンクリート
HNX,HCT,ハイフォンビセム運輸,運輸・物流業,陸運
HNX,HDA,ドンア塗料,製造業,化学
HNX,HEV,大学専門学校図書,情報通信業,映像・音声・文字情報
HNX,HGM,ハザン鉱産機械,鉱業,その他鉱業
HNX,HHC,ハイハ製菓,製造業,食品・飲料
HNX,HHG,ホアンハ,運輸・物流業,陸運
HNX,HHP,ハイフォン・ホアンハ製紙,製造業,パルプ・紙
HNX,HJS,ナムムー水力発電,電気・ガス業,発電
HNX,HKB,ハノイ・キンバック農業・食品,農林水産業,農林業
HNX,HKT,ヒエップカイン茶業,農林水産業,農林業
HNX,HLC,ハラム石炭鉱業,鉱業,石炭
HNX,HLD,ハドランド不動産投資開発,不動産業,不動産業
HNX,HLY,第1ビグラセラ・ハロンタイル,製造業,タイル・煉瓦・瓦
HNX,HMH,ハイミン,運輸・物流業,倉庫・運輸関連
HNX,HNM,ハノイミルク,製造業,食品・飲料
HNX,HOM,ビセムホアンマイセメント,製造業,セメント・コンクリート
HNX,HPM,ホアンフック鉱産貿易建設,鉱業,その他鉱業
HNX,HST,フンイエン図書学校設備,情報通信業,映像・音声・文字情報
HNX,HTC,ホックモン商業,商業,卸売業
HNX,HTP,ホアファット教科書印刷,情報通信業,映像・音声・文字情報
HNX,HUT,タスコ,建設業,インフラ建設
HNX,HVA,フンベトグリーン農業,農林水産業,農林業
HNX,HVT,ベトチ化学,製造業,化学
HNX,ICG,ソンホン建設,建設業,各種建築物建設
HNX,IDJ,IDJベトナム投資,金融業,その他金融業
HNX,IDV,ビンフックインフラ開発,不動産業,不動産業
HNX,INC,イディコ投資コンサルティング,サービス業,建築設計
HNX,INN,アグリ印刷,製造業,包装
HNX,ITQ,ティエンクアングループ,製造業,鉄鋼
HNX,IVS,ベトナム投資証券,金融業,証券業
HNX,KDM,HPベトナム投資,製造業,その他建設資材
HNX,KHS,キエンフン,農林水産業,水産業
HNX,KKC,金属製造販売,製造業,鉄鋼
HNX,KLF,FLC国際投資合弁,サービス業,観光・宿泊・飲食
HNX,KMT,中部金属,製造業,鉄鋼
HNX,KSD,ハミコ東南アジア輸出,製造業,金属製品
HNX,KSK,鉱物非鉄金属加工,鉱業,その他鉱業
HNX,KSQ,クアンアン鉱質,鉱業,その他鉱業
HNX,KST,電子情報科学,製造業,電気・電子・通信機器
HNX,KTS,コントゥム製糖,製造業,食品・飲料
HNX,KTT,ティエンチュオン電気設備建設投資,建設業,インフラ建設
HNX,KVC,キムビーステンレス製造輸出入,製造業,鉄鋼
HNX,L14,第14リコジ建設,建設業,インフラ建設
HNX,L18,第18リコジ,建設業,インフラ建設
HNX,L35,リラマ機器組立,製造業,機械
HNX,L43,リラマ45.3機械組立,製造業,機械
HNX,L61,リラマ69.1機械組立,製造業,機械
HNX,L62,リラマ69.2機械組立,製造業,機械
HNX,LAS,ラムタオ化学肥料,製造業,肥料
HNX,LBE,ロンアン図書学校設備,情報通信業,映像・音声・文字情報
HNX,LCD,リラマ電気機械技術試験,サービス業,その他サービス
HNX,LCS,第16.6リコジ,建設業,インフラ建設
HNX,LDP,ラムドン製薬,製造業,医薬品
HNX,LHC,ラムドン灌漑建設投資,建設業,インフラ建設
HNX,LIG,第13リコジ建設,建設業,インフラ建設
HNX,LM7,リラマ7機械組立,製造業,機械
HNX,LO5,リラマ5機械組立,製造業,機械
HNX,LUT,ルオンタイ建設,建設業,インフラ建設
HNX,MAC,航海サービス,運輸・物流業,倉庫・運輸関連
HNX,MAS,ダナン空港サービス,サービス業,観光・宿泊・飲食
HNX,MBG,ベトナム貿易建設開発投資,製造業,電気・電子・通信機器
HNX,MBS,MB証券,金融業,証券業
HNX,MCC,高級煉瓦,製造業,タイル・煉瓦・瓦
HNX,MCF,食糧食品・機器組立,農林水産業,農林業
HNX,MCO,MCOベトナム建設,建設業,インフラ建設
HNX,MDC,モンズオン石炭鉱業,鉱業,石炭
HNX,MEC,ソメコソンダ機械組立,製造業,機械
HNX,MEL,メーリン鉄鋼,製造業,鉄鋼
HNX,MHL,ミンヒュウリエンインテリア,製造業,鉄鋼
HNX,MIM,鉱産機械,鉱業,その他鉱業
HNX,MKV,カイレイ獣医薬品,製造業,医薬品
HNX,MPT,フータイン縫製,製造業,繊維・縫製製品
HNX,MSC,フーニュアンサービス,農林水産業,農林業
HNX,MST,1.1.6.8建設,建設業,インフラ建設
HNX,NAG,ベトナムナガカワ電気,製造業,電気・電子・通信機器
HNX,NAP,ゲーティン港湾,運輸・物流業,倉庫・運輸関連
HNX,NBC,ビナコミン・ヌイベオ石炭鉱,鉱業,石炭
HNX,NBP,ニンビン火力発電,電気・ガス業,発電
HNX,NBW,ニャーべー給水,サービス業,上下水道
HNX,NDF,ナムディン農産食品加工輸出,製造業,食品・飲料
HNX,NDN,ダナン住宅開発投資,不動産業,不動産業
HNX,NDX,ダナン住宅開発建設,建設業,各種建築物建設
HNX,NET,ネット洗濯洗剤,製造業,化学
HNX,NFC,ニンビン・リン酸肥料,製造業,肥料
HNX,NGC,ゴクエン水産加工輸出,農林水産業,水産業
HNX,NHA,ハノイ南部住宅都市投資開発,建設業,インフラ建設
HNX,NHC,ニヒエップ・ブリック建設,製造業,タイル・煉瓦・瓦
HNX,NHP,NHP生産輸出入,商業,卸売業
HNX,NRC,ネットランド不動産,不動産業,不動産業
HNX,NSH,ソンホンアルミ,製造業,金属製品
HNX,NST,ガンソンタバコ販売,製造業,タバコ
HNX,NTH,ヌックチョン水力発電,電気・ガス業,発電
HNX,NTP,ティエンフォン・プラスチック,製造業,プラスチック製品
HNX,NVB,クオックザン(国民)銀行,金融業,銀行業
HNX,OCH,オーシャンホスピタリティ,サービス業,観光・宿泊・飲食
HNX,ONE,第1通信,情報通信業,情報通信サービス
HNX,PBP,ペトロベトナム包装,製造業,包装
HNX,PCE,ペトロベトナム中部化学肥料,製造業,肥料
HNX,PCG,ペトロベトナム都市ガス投資開発,電気・ガス業,ガス
HNX,PCT,クーロン石油ガスサービス輸送,運輸・物流業,陸運
HNX,PDB,パシフィックディンコ,製造業,タイル・煉瓦・瓦
HNX,PDC,ペトロベトナムフオンドン旅行,サービス業,観光・宿泊・飲食
HNX,PEN,ペトロリメックス第3設備建設,建設業,インフラ建設
HNX,PGN,プラスチック添加剤,製造業,プラスチック製品
HNX,PGS,ペトロベトナム南部ガス,電気・ガス業,ガス
HNX,PGT,ペトロリメックスタクシー,運輸・物流業,陸運
HNX,PHN,ハノイバッテリー,製造業,電気・電子・通信機器
HNX,PHP,ハイフォン港,運輸・物流業,倉庫・運輸関連
HNX,PIC,第三電力投資,電気・ガス業,発電
HNX,PJC,ぺトロリメックス・ハノイ通商運送,運輸・物流業,陸運
HNX,PLC,ペトロリメックス・ペトロケミカル,製造業,石油・石炭製品
HNX,PMB,北部ぺトロベトナム化学肥料,製造業,肥料
HNX,PMC,ファーメディック製薬,製造業,医薬品
HNX,PMP,フーミー窒素肥料包装,製造業,包装
HNX,PMS,石油機械工業,製造業,その他製品
HNX,POT,郵電施設,製造業,電気・電子・通信機器
HNX,PPE,ペトロベトナム電力コンサルティング,サービス業,建築設計
HNX,PPP,フォンフー製薬,製造業,医薬品
HNX,PPS,ペトロベトナム電力技術サービス,電気・ガス業,その他電力業
HNX,PPY,ペトロベトナム石油フーイエン,商業,燃料販売
HNX,PRC,ポートセルコ,運輸・物流業,倉庫・運輸関連
HNX,PSC,ペトロリメックス・サイゴン運輸サービス,運輸・物流業,陸運
HNX,PSD,ペトロベトナム石油総合流通サービス,商業,卸売業
HNX,PSE,東南部ペトロベトナム化学肥料,製造業,肥料
HNX,PSI,ペトロベトナム証券,金融業,証券業
HNX,PSW,西南部ペトロベトナム化学肥料,製造業,肥料
HNX,PTD,フックティン商業建設設計,建設業,各種建築物建設
HNX,PTI,郵便保険,金融業,保険業
HNX,PTS,ペトロリメックス・ハイフォン運送サービス,運輸・物流業,海運
HNX,PV2,PV2インベスト,不動産業,不動産業
HNX,PVB,ペトロベトナムコーティング,製造業,機械
HNX,PVC,ペトロベトナムドリル溶液化学製品,製造業,化学
HNX,PVE,ペトロベトナムエンジニアリング,サービス業,建築設計
HNX,PVG,ペトロベトナム北部ガス,電気・ガス業,ガス
HNX,PVI,PVIホールディングス,金融業,保険業
HNX,PVL,ペトロベトナム不動産,不動産業,不動産業
HNX,PVS,ペトロベトナムテクニカルサービス,製造業,機械
HNX,PVX,ペトロベトナム建設,建設業,インフラ建設
HNX,QHD,ベトドゥック溶接,製造業,金属製品
HNX,QNC,クアンニンセメント建設,製造業,セメント・コンクリート
HNX,QST,クアンニン図書学校設備,情報通信業,映像・音声・文字情報
HNX,QTC,クアンナム交通工事,建設業,インフラ建設
HNX,RCL,チョロン不動産,不動産業,不動産業
HNX,S55,第505ソンダ建設,建設業,インフラ建設
HNX,S74,第7.04ソンダ建設資材,製造業,その他建設資材
HNX,S99,SCI,建設業,インフラ建設
HNX,SAF,サフォコ食糧,製造業,食品・飲料
HNX,SCJ,サイソンセメント,製造業,セメント・コンクリート
HNX,SCL,ソンダカオクオン,製造業,その他建設資材
HNX,SD2,第2ソンダ建設,建設業,インフラ建設
HNX,SD4,第4ソンダ建設,建設業,インフラ建設
HNX,SD5,第5ソンダ建設,建設業,インフラ建設
HNX,SD6,第6ソンダ建設,建設業,インフラ建設
HNX,SD9,第9ソンダ建設,建設業,インフラ建設
HNX,SDA,シムコソンダ人材派遣,サービス業,法律・会計・人事
HNX,SDC,ソンダコンサルティング,サービス業,建築設計
HNX,SDG,カントーサディコ包装,製造業,包装
HNX,SDN,ドンナイ塗料,製造業,化学
HNX,SDT,第10ソンダ建設,建設業,インフラ建設
HNX,SDU,ソンダ都市開発建設投資,不動産業,不動産業
HNX,SEB,中部電気開発投資,電気・ガス業,発電
HNX,SED,フオンナム教育開発投資,情報通信業,映像・音声・文字情報
HNX,SFN,サイゴンフィッシングネット,製造業,その他製品
HNX,SGC,サザン食品,製造業,食品・飲料
HNX,SGD,ホーチミン市教育図書,情報通信業,映像・音声・文字情報
HNX,SGH,サイゴンホテル,サービス業,観光・宿泊・飲食
HNX,SGO,サイゴン植物油,製造業,食品・飲料
HNX,SHB,サイゴンハノイ銀行,金融業,銀行業
HNX,SHE,ソンハエネルギー開発,商業,卸売業
HNX,SHN,ハノイ総合投資,不動産業,不動産業
HNX,SHS,サイゴンハノイ証券,金融業,証券業
HNX,SIC,ソンダ投資発展,建設業,インフラ建設
HNX,SJ1,フンハウ農業,農林水産業,水産業
HNX,SJC,第1.01ソンダ建設,建設業,各種建築物建設
HNX,SJE,第11ソンダ建設,建設業,インフラ建設
HNX,SLS,ソンラ製糖,製造業,食品・飲料
HNX,SMN,南部図書教育設備,情報通信業,映像・音声・文字情報
HNX,SMT,サムクオン通信電気資材,製造業,電気・電子・通信機器
HNX,SPI,スピリットストーン,鉱業,その他鉱業
HNX,SPP,サイゴン・プラスチック包装,製造業,包装
HNX,SRA,サラベトナム小売商業,商業,その他小売業
HNX,SSM,ビネコ鉄鋼,製造業,鉄鋼
HNX,STC,ホーチミン市図書学校設備,情報通信業,映像・音声・文字情報
HNX,STP,ソンダ貿易産業,製造業,包装
HNX,SVN,ソラビナ,商業,その他小売業
HNX,TA9,第96タインアン建設,建設業,インフラ建設
HNX,TAR,チュンアンハイテク農業,農林水産業,農林業
HNX,TBX,タイビンセメント,製造業,セメント・コンクリート
HNX,TC6,ビナコミン・コックサウ石炭鉱業,鉱業,石炭
HNX,TCS,ビナコミンカオソン石炭,鉱業,石炭
HNX,TDN,デオナイ石炭鉱業,鉱業,石炭
HNX,TDT,TDT開発投資,製造業,繊維・縫製製品
HNX,TET,北部衣料織物,製造業,繊維・縫製製品
HNX,TFC,チャン水産加工,農林水産業,水産業
HNX,THB,タインホアビール,製造業,食品・飲料
HNX,THS,タインホア・ソンダー,商業,卸売業
HNX,THT,ハトゥ石炭鉱業,鉱業,石炭
HNX,TIG,タンロン投資グループ,不動産業,不動産業
HNX,TJC,運輸サービス通商,運輸・物流業,海運
HNX,TKC,タンキ不動産販売建設,不動産業,不動産業
HNX,TKU,トゥンクアン金属工業,製造業,金属製品
HNX,TMB,ビナコミン北部石炭トレーディング,鉱業,石炭
HNX,TMC,トゥドゥック輸出入,商業,燃料販売
HNX,TMX,ビセムセメント販売,製造業,セメント・コンクリート
HNX,TNG,TNG貿易投資,製造業,繊維・縫製製品
HNX,TPH,ハノイ市教科書印刷,情報通信業,映像・音声・文字情報
HNX,TPP,タンフープラスチック,製造業,プラスチック製品
HNX,TSB,ティアサンバッテリー,製造業,電気・電子・通信機器
HNX,TST,通信技術サービス,情報通信業,情報通信サービス
HNX,TTC,タインタイン・セラミック,製造業,タイル・煉瓦・瓦
HNX,TTH,ティエンタイン商業サービス,商業,卸売業
HNX,TTL,タンロン,建設業,インフラ建設
HNX,TTT,タイニン観光貿易,サービス業,観光・宿泊・飲食
HNX,TTZ,ティエンチュン建設技術投資,製造業,その他建設資材
HNX,TV3,第3電力建設コンサルティング,サービス業,建築設計
HNX,TV4,第4電力建設コンサルティング,サービス業,建築設計
HNX,TVC,チーベト投資管理,金融業,その他金融業
HNX,TVD,ビナコミン・バンザイン石炭,鉱業,石炭
HNX,TXM,ビセム・セメント石膏販売,製造業,セメント・コンクリート
HNX,UNI,ビエンリエン通信設備,製造業,電気・電子・通信機器
HNX,V12,第12ビナコネックス建設,建設業,各種建築物建設
HNX,V21,第21ビナコネックス建設,建設業,各種建築物建設
HNX,VAT,バンスアン通信,建設業,インフラ建設
HNX,VBC,ビンパッケージング・プラスチック,製造業,包装
HNX,VC1,第1ビナコネックス建設,建設業,各種建築物建設
HNX,VC2,第2ビナコネックス建設,建設業,各種建築物建設
HNX,VC3,第3ビナコネックス建設,不動産業,不動産業
HNX,VC6,第6ビナコネックス建設,建設業,各種建築物建設
HNX,VC7,第7ビナコネックス建設,建設業,各種建築物建設
HNX,VC9,第9ビナコネックス建設,建設業,各種建築物建設
HNX,VCC,第25ビナコネックス建設,建設業,各種建築物建設
HNX,VCG,ビナコネックス,建設業,インフラ建設
HNX,VCM,ビナコネックス人材・商業,サービス業,法律・会計・人事
HNX,VCR,ビナコネックス旅行開発投資,サービス業,観光・宿泊・飲食
HNX,VCS,ビコストーン,製造業,タイル・煉瓦・瓦
HNX,VDL,ラムドン食品,製造業,食品・飲料
HNX,VE1,第1電気建設,建設業,インフラ建設
HNX,VE2,第2電気建設,建設業,インフラ建設
HNX,VE3,第3ビネコ電力建設,建設業,インフラ建設
HNX,VE4,第4電気建設,建設業,インフラ建設
HNX,VE8,第8電気建設,建設業,インフラ建設
HNX,VE9,第9建設投資,建設業,インフラ建設
HNX,VGP,ザウクア港,運輸・物流業,倉庫・運輸関連
HNX,VGS,ベトドゥック鋼管,製造業,鉄鋼
HNX,VHE,ベトナム食糧・薬糧,商業,卸売業
HNX,VHL,ビグラセラ・ハロンタイル,製造業,タイル・煉瓦・瓦
HNX,VIE,ビテコ通信技術,製造業,電気・電子・通信機器
HNX,VIG,ベトナム商工証券,金融業,証券業
HNX,VIT,ティエンソン・ビグラセラタイル,製造業,タイル・煉瓦・瓦
HNX,VIX,IB証券,金融業,証券業
HNX,VKC,ビンカインプラスチック・ケーブル,製造業,プラスチック製品
HNX,VLA,バンラン技術開発投資,情報通信業,情報通信サービス
HNX,VMC,ビメコ建設,建設業,インフラ建設
HNX,VMI,ビサコ鉱産投資,建設業,インフラ建設
HNX,VMS,ベトナム海事開発,運輸・物流業,海運
HNX,VNC,ビナコントロールグループ,サービス業,その他サービス
HNX,VNF,ビナフレイト,運輸・物流業,倉庫・運輸関連
HNX,VNR,ベトナム国家再保険,金融業,保険業
HNX,VNT,ビナトランス運輸,運輸・物流業,倉庫・運輸関連
HNX,VSA,ベトナム海運貨物,運輸・物流業,海運
HNX,VSM,中部コンテナ,運輸・物流業,陸運
HNX,VTC,VTC通信,製造業,電気・電子・通信機器
HNX,VTH,べトタイ電線,製造業,電気・電子・通信機器
HNX,VTJ,ビナタバ貿易投資,製造業,タバコ
HNX,VTL,タンロンワイン,製造業,食品・飲料
HNX,VTS,トゥソン・ビグラセラタイル,製造業,タイル・煉瓦・瓦
HNX,VTV,ビセムセメント物資運送,運輸・物流業,陸運
HNX,VXB,ベンチェ建設資材,製造業,タイル・煉瓦・瓦
HNX,WCS,西部バスターミナル,運輸・物流業,倉庫・運輸関連
HNX,WSS,ウォールストリート証券,金融業,証券業
HNX,X20,X20,製造業,繊維・縫製製品
